﻿<?xml version="1.0" encoding="UTF-8" standalone="yes"?>
<addon id="plugin.video.s4u"
       name="S4U"
       version="2.0.0"
       provider-name="S4U">
  <requires>
    <import
      addon="xbmc.python"
      version="2.1.0"/>
    <import
      addon="script.module.requests"
      version="2.7.0"/>
    <import
      addon="script.module.inputstreamhelper"
      version="0.3.4"/>
  </requires>
  <extension
    point="xbmc.python.pluginsource"
    library="default.py">
    <provides>video</provides>
  </extension>
  <extension
    point="xbmc.addon.metadata">
    <summary lang="en">S4U</summary>
    <description lang="en">S4U App</description>
    <platform>all</platform>
    <language>en</language>
    <license></license>
    <source></source>
    <forum></forum>
    <disclaimer lang="en"></disclaimer>
  </extension>
</addon>
